Image,Id
833675975.jpg,w_778e474 w_af367c3 w_ab7c369 w_27597ff w_08630fd
2fe2cc5c0.jpg,w_778e474 w_23a388d w_af367c3 w_9b5109b w_b3ca4b7
2f31725c6.jpg,w_0027efa w_e966f36 w_da011a1 w_0b1e4a6 w_a113b33
30eac8c9f.jpg,w_0027efa w_67a9841 w_e966f36 w_0b1e4a6 w_bb2c919
3c4235ad2.jpg,w_0027efa w_67a9841 w_da011a1 w_e966f36 w_1f1cee1
47bd1d3bb.jpg,w_0027efa w_e966f36 w_bb2c919 w_67a9841 w_1f1cee1
5934e01ea.jpg,w_0027efa w_67a9841 w_1f1cee1 w_e966f36 w_59052ad
7b9a5e4d8.jpg,w_0027efa w_e966f36 w_da011a1 w_f765256 w_0b1e4a6
b2acbd8df.jpg,w_0027efa w_da011a1 w_e966f36 w_0815d2c w_07768b0
c5658abf0.jpg,w_0027efa w_67a9841 w_e966f36 w_1f1cee1 w_bb2c919
ee87a2369.jpg,w_0027efa w_67a9841 w_e966f36 w_da011a1 w_bb2c919
4e6290672.jpg,w_778e474 w_23a388d w_9da1811 w_2b069ba w_b3ca4b7
8d601c3e1.jpg,w_778e474 w_9c506f6 w_88e4537 w_23a388d w_23ce00e
b2cabd9d8.jpg,w_9b5109b w_778e474 w_0369a5c w_e1ffbe2 w_23a388d
411ae328a.jpg,w_9b5109b w_af367c3 w_778e474 w_a9304b9 w_e1ffbe2
204c7a64b.jpg,w_003bae6 w_c1efffb w_698fcbe w_bd1c3d5 w_85d9229
3161ae9b9.jpg,w_003bae6 w_c1efffb w_bd1c3d5 w_0815d2c w_698fcbe
399533efd.jpg,w_003bae6 w_c1efffb w_698fcbe w_bd1c3d5 w_9eb2d2a
40c421fb6.jpg,w_003bae6 w_c1efffb w_698fcbe w_bd1c3d5 w_e966f36
46e4e976b.jpg,w_003bae6 w_698fcbe w_c1efffb w_bd1c3d5 w_e966f36
